id_seller,username,nama_toko,level_toko,premium_toko,id_produk,nama_produk,kategori,kondisi,rating,jumlah_rating,stok,jumlah_interest,jumlah_sold,jumlah_view,harga,harga_asli,diskon,deskripsi
230413328,riadi983,Ready,Juragan,platinum,4hmkpvm,Kaos Polos Lengan Pendek Pria Wanita Cotton Combed 24s Tebal Adem Nyaman Lembut Unisex Original,Kaos,Baru,0,0,15454,0,0,0,47000,47000,0,"DESKRIPSI PRODUK :<br><br/><br><br/> BAHAN COTTON COMBED 24S REAKTIF gramasi 170 - 190<br><br/>(LEBIH TEBAL DIBANDING 30S)<br><br/>1KG MUAT 6 pcs ukuran<br><br/> NO LABEL (HANYA SIZE SAJA) Cocok untuk usaha anda sablon / DISTRO dan aman bagi ressler dan Dropshiper <br><br/><br><br/>WARNA Combed  24s UKURAN M L XL :<br><br/>1 PINK BABY <br><br/>2 HIJAU BOTOL<br><br/>3 HIJAU ARMY<br><br/>4 ABU TUA<br><br/>5 MILO<br><br/>6 KUNING MUSTARD<br><br/>7 SUPER BLACK<br><br/>8 MERAH MAROON<br><br/>9 SUPER WHITE<br><br/>10 BLUE NAVY<br><br/>11 BABY BLUE<br><br/>12 LILAC<br><br/>13 AVOCADO<br><br/>14 ABU MISTY<br><br/>15 SALEM SOFT<br><br/>16 ZOLA<br><br/><br><br/> KUALITAS JAHITAN<br><br/> (JAHITAN OVERDECK 3 JARUM &amp; DOUBLE STICK,RANTAI) BERBEDA DARI YANG BEREDAR DIPASARAN.<br><br/><br><br/> UKURAN  KAMI REGULAR FIT JADI TERLIHAT NYAMAN SAAT DIGUNAKAN DAN DAPAT DIGUNAKAN PRIA MAUPUN WANITA<br><br/><br><br/> TOLERANSI UKURAN 2-3 CM <br><br/>M     49 X 72  ( 40 - 60 KG )<br><br/>L      51 X 74   ( 60 - 70 KG )<br><br/>XL    53 X 77   ( 70 - 90 KG )"
230413328,riadi983,Ready,Juragan,platinum,4hmkpta,Kaos Polos Lengan Pendek Pria Wanita Cotton Combed 30s Adem Lembut,Kaos,Baru,0,0,99999,0,0,0,37000,37000,0,"BANDINGKAN DENGAN TOKO SEBELAH ! BUKAN Cotton Combed Siluman , bukan Carded apalagi PE ASLI COTTON 100% BUKTIKAN SENDIRI !<br><br/><br><br/>Kami adalah SUPPLIER KAOS POLOS KUALITAS YOGYA / RAMAYANA / MATAHARI ! Bukan Tanah Abangan .<br><br/><br><br/>(HARGA TERMURAH DAN BERGARANSI .<br><br/> 100% ASLI COTTON COMBED 30s gak asli uang kembali !)<br><br/>(JIKA INGIN YANG TEBAL BELI DI KATALOG KITA YANG COTTON COMBED 24S )<br><br/><br><br/>Ready 22 warna<br><br/><br><br/>- Hitam <br><br/>- Putih<br><br/>- Navy<br><br/>- Abu Muda<br><br/>- Abu misty<br><br/>- Abu Tua<br><br/>- Merah Maroon<br><br/>- Merah Cabe<br><br/>- kuning Kenari<br><br/>- Kuning Mustard<br><br/>- Biru Benhur<br><br/>- Biru Turkis <br><br/>- Hijau botol<br><br/>- Hijau fuji<br><br/>- Hijau Army<br><br/>- Coklat tua<br><br/>- Pink Baby<br><br/>- Orange <br><br/>- Soft Tosca<br><br/>- Coklat susu <br><br/><br><br/>WARNA LAIN DI KATALOG YANG STUNYA YAH KAK.<br><br/><br><br/>Size Chart Pola<br><br/><br><br/>Ukuran = Lebar x Panjang<br><br/>Toleransi ukuran 2-3cm<br><br/><br><br/>M = 49 x 72 CM<br><br/><br><br/>L = 51 x 74 CM<br><br/><br><br/>XL = 53 x 77 CM"
230413328,riadi983,Ready,Juragan,platinum,4hmdkgd,Jubah Anak Laki Laki Gamis Saudi Anak Panjang Full Busana Muslim 3-14 Tahun,Busana Muslim Anak Laki-Laki,Baru,0,0,1154,0,0,0,125000,125000,0,"Bahan Katun Turkey (Bahan Lembut, Halus, Nyaman dan Tidak Gerah)<br><br/><br><br/>jubah anak laki-laki/gamis anak pria new motif dengan 2 saku <br><br/><br><br/>plus peci..<br><br/>produk original<br><br/>bahan katun turkey<br><br/> premium bahan adem,nyaman dan lembut..<br><br/>produk dengan sortiran terbaik<br><br/>produk salah satu KONVEKSI(MINI GARMENT) Terbesar jawa barat<br><br/>menerima dropshiper dan pembelian partai  lebih murah.<br><br/><br><br/>ukuran/size<br><br/><br><br/>NO.2(USIA 1-2 TAHUN)<br><br/>Panjang gamis=72 cm<br><br/>Lebar dada        =37 cm<br><br/>Panjang lengan=29 cm<br><br/><br><br/>NO.4(USIA 3-4 TAHUN)<br><br/>Panjang gamis=75cm<br><br/>Lebar dada        =40 cm<br><br/>Panjang lengan=31cm<br><br/><br><br/>NO.6(USIA 5-6 TAHUN)<br><br/>Panjang gamis=80 cm<br><br/>Lebar dada        =44 cm<br><br/>Panjang lengan=36 cm<br><br/><br><br/>NO.8(USIA 7-8 TAHUN)<br><br/>Panjang gamis=90 cm<br><br/>Lebar dada        =44cm<br><br/>Panjang lengan=38 cm<br><br/><br><br/>NO.10(USIA 9-10 THN)<br><br/>Panjang gamis =95 cm<br><br/>Lebar dada        =50 cm<br><br/>Panjang lengan=41 cm<br><br/><br><br/>NO.12(USIA 11-12 THN)<br><br/>Panjang gamis=105 cm<br><br/>Lebar dada        =53 cm<br><br/>Panjang lengan=44 cm<br><br/><br><br/>No.14(USIA 13-14 THN)<br><br/>Panjang gamis=111 cm<br><br/>Lebar dada        =57 cm<br><br/>Panjang lengan=48 cm<br><br/><br><br/>SELAMAT BERBELANJA <br><br/>SEMOGA BERKAH<br><br/>TERIMA KASIH..."
230413328,riadi983,Ready,Juragan,platinum,4hkxu7a,Jubah Gamis Anak Laki Laki Jubah Saudi Muslim,Busana Muslim Anak Laki-Laki,Baru,0,0,1142,0,0,0,125000,125000,0,"WARNA :<br><br/>PUTIH<br><br/>HITAM<br><br/>NAVY<br><br/>MARON <br><br/>MOCCA<br><br/>ABU<br><br/>HIJAU<br><br/><br><br/>Bahan Katun Turkey (Bahan Lembut, Halus, Nyaman dan Tidak Gerah)<br><br/><br><br/>jubah anak laki-laki/gamis anak pria new motif dengan 2 saku <br><br/><br><br/>plus peci..<br><br/>produk original<br><br/>bahan katun turkey<br><br/>premium bahan adem,nyaman dan lembut..<br><br/>produk dengan sortiran terbaik<br><br/>produk salah satu KONVEKSI(MINI GARMENT) Terbesar jawa barat<br><br/>menerima dropshiper dan pembelian partai  lebih murah.<br><br/><br><br/>ukuran/size<br><br/><br><br/>NO.4(USIA 3-4 TAHUN)<br><br/>Panjang gamis=75cm<br><br/>Lebar dada =40 cm<br><br/>Panjang lengan=31cm<br><br/><br><br/>NO.6(USIA 5-6 TAHUN)<br><br/>Panjang gamis=80 cm<br><br/>Lebar dada =44 cm<br><br/>Panjang lengan=36 cm<br><br/><br><br/>NO.8(USIA 7-8 TAHUN)<br><br/>Panjang gamis=90 cm<br><br/>Lebar dada =44cm<br><br/>Panjang lengan=38 cm<br><br/><br><br/>NO.10(USIA 9-10 THN)<br><br/>Panjang gamis =95 cm<br><br/>Lebar dada =50 cm<br><br/>Panjang lengan=41 cm<br><br/><br><br/>NO.12(USIA 11-12 THN)<br><br/>Panjang gamis=105 cm<br><br/>Lebar dada =53 cm<br><br/>Panjang lengan=44 cm<br><br/><br><br/>No.14(USIA 13-14 THN)<br><br/>Panjang gamis=111 cm<br><br/>Lebar dada =57 cm<br><br/>Panjang lengan=48 cm<br><br/><br><br/>SELAMAT BERBELANJA <br><br/>SEMOGA BERKAH<br><br/>TERIMA KASIH..."
230413328,riadi983,Ready,Juragan,platinum,4hkk774,jubah gamis katun embos anak laki laki baju muslim saudi pakistan koko 5-14 tahun,Busana Muslim Anak Laki-Laki,Baru,5,3,1451,4,3,0,140000,140000,0,"1. Memakai kancing jepret (kancing snap button) kualitas terbaik<br><br/>2. Desain terbaru, sehingga meningkatkan kepercayaan diri<br><br/>3. Semua produk REAL PICT<br><br/>4. Menggunakan kain BSY EMBOS PREMIUM grade A<br><br/>5. Jahitan rapi<br><br/>6. Kualitas dan kepuasan pelanggan NO 1<br><br/>7. Terdapat saku di sisi kanan dan di kiri atas<br><br/>8. Jahitan kuat supaya tidak gampang robek<br><br/>MAU ORDER BANYAK 50.100.200 harga bisa lebih murah<br><br/>3 JUBAH masih bisa 1 kg ongkir yaa = 1 kg<br><br/>7 jubah bisa 2 kg yaa<br><br/>Size = LD (Lingkar dada diukur dari kanan ke kiri) X PB<br><br/>(panjang baju jubah)<br><br/><br><br/>NO 6 (Usia 5-6)<br><br/>Lebar Dada = 80 CM<br><br/>Panjang Jubah = 85 CM<br><br/><br><br/>NO 8 (Usia 7-8)<br><br/>Lebar Dada = 84 CM<br><br/>Panjang Jubah = 90 CM<br><br/><br><br/>NO 10 (Usia 9-10)<br><br/>Lebar Dada = 92 CM<br><br/>Panjang Jubah = 100 CM<br><br/><br><br/>NO 12 (Usia 11-12)<br><br/>Lebar Dada = 96CM<br><br/>Panjang Jubah = 110 CM<br><br/><br><br/>NO 14 (Usia 13-14)<br><br/>Lebar Dada = 102 CM<br><br/>Panjang Jubah = 118CM<br><br/><br><br/>Note: Cek ukuran sbelum membeli. Panjang baju ini di atas<br><br/>mata kaki ya, tapi jauh di bawah lutut."
230413328,riadi983,Ready,Juragan,platinum,4hkk6pd,jubah gamis pria embos motif jubah arab saudi muslim Pakistan,Busana Muslim Pria,Baru,4.5,2,1421,1,4,0,148000,148000,0,"terbaik<br><br/>2. Desain terbaru, sehingga meningkatkan kepercayaan diri<br><br/>3. Semua produk REAL PICT<br><br/>4. Menggunakan kain BSY EMBOS PREMIUM grade A<br><br/>5. ahitan rapi<br><br/>6. Kualitas dan kepuasan pelanggan NO 1<br><br/>7. Terdapat saku di sisi kanan dan di kiri atas<br><br/>8. Jahitan kuat supaya tidak gampang robek<br><br/><br><br/>MAU ORDER BANYAK 50.100.200 harga bisa lebih murah<br><br/>3 JUBAH masih bisa 1 kg ongkir yaa = 1 kg<br><br/>7 jubah bisa 2 kg yaa<br><br/><br><br/>Size = LD (Lingkar dada diukur dari kanan ke kiri) X PB<br><br/>(panjang baju jubah)<br><br/>Ukuran M = LD 106 cm x PB 126 cm<br><br/>Perkiraan size M untuk orang TB 146-157 cm dan BB = 41-66 kg<br><br/>Ukuran L = LD 110 cm x PB 132 cm<br><br/>Perkiraan size L cocok untuk orang TB 151 - 170 cm dan BB = 51-72 kg<br><br/>Ukuran XL = LD 114 cm x PB 136 cm<br><br/>Perkiraan size cocok untuk orang TB 167-175 cm dan BB 52-76 kg<br><br/>Ukuran XXL = LD 120 cm x PB 140 cm<br><br/>Perkiraan size cocok untuk orang TB 173- 180 cm dan BB 75-82 Kg<br><br/><br><br/>Perkiraan ukuran <br><br/>S = remaja mulai 15,17,18.19 tahunan smpai dewasa yg biasa<br><br/>pakai uk. S<br><br/>M = Remaja dewaaa<br><br/>L = standar dewasa<br><br/>XL &amp; XXL ukuran dewasa untuk berbadan gemuk kami sudah<br><br/>sesuaikan dengan lebar dada.<br><br/>Note: Cek ukuran sbelum membeli. Panjang baju ini di atas<br><br/>mata kaki ya, tapi jauh di bawah lutut."
230413328,riadi983,Ready,Juragan,platinum,4hk6ni1,celana cargo panjang pria celana jogger surfing olahraga trening,Celana Panjang,Baru,0,0,1125,0,0,0,155000,155000,0,WARNA : <br><br/>HITAM<br><br/>ABU<br><br/>MOCCA<br><br/><br><br/>bahan cotton Combed twill<br><br/>pola slimfit<br><br/>size 28-36 (S-XL)<br><br/>(S) 27-28 : Panjang 92CM x Lingkar 72CM<br><br/>(M) 29-30 : Panjang 95CM X Lingkar 77CM <br><br/>(L) 31-32 : Panjang 98CM X Lingkar 82CM <br><br/>(XL) 33-34 : Panjang 101CM X Lingkar 87CM<br><br/><br><br/>MOHON KONFIRMASI VIA CHAT JIKA ADA YG PERLU DITANYAKAN.<br><br/><br><br/>HAPPY SHOPPING !!!
230413328,riadi983,Ready,Juragan,platinum,4hjng6j,Gamis Syari Hijab Baju Muslim Wanita,Busana Muslim Wanita,Baru,4,2,1450,1,2,0,125000,125000,0,WARNA:<br><br/>ARMY<br><br/>KUNING<br><br/>TOSCA<br><br/>UNGU MUDA<br><br/>MARON<br><br/>NAVY<br><br/>BIRU<br><br/>DUSTY<br><br/>CREAM<br><br/><br><br/>GAMIS WULAN<br><br/>BAHAN : MOSCREPE<br><br/>LINGKAR DADA : 114 CM<br><br/>PANJANG GAMIS : 140 CM<br><br/>LEBAR BAWAH : 230 CM<br><br/>BUSUI FRIENDLY : SLETING DEPAN<br><br/>ADA SAKU KANAN KIRI<br><br/>PINGGANG ADA TALI<br><br/>TANGAN KARET
230413328,riadi983,Ready,Juragan,platinum,4himmkm,Jubah Gamis Pria Muslim Jubah Saudi Pakistan,Busana Muslim Pria,Baru,3,1,1144,1,1,0,145000,145000,0,WARNA : <br><br/>HITAM<br><br/>PUTIH<br><br/>NAVY<br><br/>HIJAU<br><br/>ABU<br><br/>COKSU<br><br/>MARON<br><br/><br><br/>Bahan : BSWAI<br><br/>Model : Jubah Gamis<br><br/><br><br/>bahan lembutt adem dan tidak panas saat di pakai <br><br/>sangat recoment buat di pakai sholat/ pengajian / sehari2 <br><br/><br><br/><br><br/>SIZE M :<br><br/>lingkar dada 104cm<br><br/>panjang jubah 115cm <br><br/><br><br/><br><br/>SIZE L : <br><br/>lingkar dada 108cm<br><br/>panjang 118cm<br><br/><br><br/><br><br/>SIZE XL:<br><br/>lingkar dada 110cm<br><br/>panjang jubah 128cm<br><br/><br><br/>SIZE XXL<br><br/>lingkar dada 120cm<br><br/>panjang jubah 132cm
230413328,riadi983,Ready,Juragan,platinum,4hi0s24,Kemeja wanita panjang basic longsleeve baju atasan kerja casual  hem wanita,"Kemeja, Blouse",Baru,0,0,125,1,0,0,115000,115000,0,"Ready yang terbaru dari kami :<br><br/>Basic Longsleeve<br><br/>.<br><br/>SPESIFIKASI<br><br/>- Bahan Shakila<br><br/>- Bahan nyaman tidak lepek, dan tidak mudah kusut<br><br/>- Jahitan rapih<br><br/>- Aplikasi Saku + Kancing Depan<br><br/>.<br><br/>SIZE :<br><br/>Ukuran L - XL<br><br/>LD : 108 cm<br><br/>PB : 70 cm<br><br/>.<br><br/>PILIHAN WARNA<br><br/>- Bata<br><br/>- Denim<br><br/>- Mocca<br><br/>- Cream<br><br/>- Broken White"
230413328,riadi983,Ready,Juragan,platinum,4hho0mp,Rompi Parasut Bodyvest Motor Biker Jaket Rompi Gunung Pelindung Outdoor Camping Mancing,Jaket & Body Protector,Baru,0,0,1452,2,0,0,145000,145000,0,"Warna : <br><br/>hitam<br><br/>navy <br><br/>hijau<br><br/>abu maron<br><br/>hitam navy<br><br/>loreng abu<br><br/>loreng coklat<br><br/><br><br/>Outdoor Fashion Rompi Gunung Adventure Rompi Mancing Fishing Rapih Kuat Premium Quality<br><br/><br><br/>Rompi Aneka Warna Cocok Buat Bergaya di Akhir Pekan Buat Jalan Jalan Santai Buat Kemping Ceria Buat Hiking Buat Naik Gunung Buat Mancing Buat Traveling ke Luar Kota Model Keren, Jahitan Rapih, Bahan Tebal<br><br/><br><br/>Bahan : Taslan Tebal Lapisan Dacron <br><br/>Ukuran : L , XL , XXL<br><br/>Size Chart<br><br/>P x L ( Panjang x Lebar )<br><br/>L : 68 x 54<br><br/>Xl : 70 x 56<br><br/>XXL : 72 x 58"
230413328,riadi983,Ready,Juragan,platinum,4hh21r4,Raket Nyamuk Listrik Perangkap Nyamuk,Home Stuff,Baru,0,0,1248,0,0,0,75000,75000,0,Perangkap nyamuk Terlaris.<br><br/>untuk spesifikasi silahkan cek di gambar display.
230413328,riadi983,Ready,Juragan,platinum,4hfzl41,Sepatu Sneakers Pria Casual Kerja Sepatu Kets Sport Olahraga Running Tali Canvas,Sneaker Pria,Baru,0,0,1143,0,0,0,198000,198000,0,"WARNA : <br><br/>HITAM<br><br/>ABU<br><br/>Sepatu Pria Original 100%<br><br/>Sepatu Import 100%<br><br/>Sepatu Sneakers Kualitas bagus harga terjangkau<br><br/>Sepatu Running, Kaki bergerak leluasa<br><br/>Sepatu Slip on Lembut di dalam,Nyaman saat dipakai<br><br/>Sepatu Olahragas Anti slip, Tidak pengap, Tidak mudah lepas<br><br/>Sepatu Sport Model simple dan elegan, Trend Fashion<br><br/><br><br/>BONUS : FREE BOX &amp; KAOS KAKI<br><br/><br><br/>Fitur : Sol Berbahan Karet Jadi Terasa Empuk &amp; Nyaman Ketika Digunakan.<br><br/>Cocok Digunakan Untuk : Sekolah, Kuliah, Kerja, Traveling.<br><br/><br><br/>Size 39-44 <br><br/>Perincian Size <br><br/>39=24.5 cm <br><br/>40=25 cm <br><br/>41=25.5 cm <br><br/>42=26 cm <br><br/>43=26.5 cm <br><br/>44=27 cm"
230413328,riadi983,Ready,Juragan,platinum,4hfdgkg,Tas Selempang Pria Sling Bag Kulit Tas Slempang Bahu Hp Gendong Tenteng,Selempang,Baru,0,0,1125,1,0,0,199000,199000,0,"WARNA <br><br/>BLACK<br><br/>LIGHT BROWN<br><br/>DARK BROWN<br><br/><br><br/><br><br/>SPESIFIKASI PRODUK<br><br/><br><br/>Brand : CURREN<br><br/>Model : CR8618<br><br/>Quality : Premium+<br><br/>Tipe : Tas Selempang, Messenger Bag<br><br/>Panjang : 20cm<br><br/>Lebar : 5.5cm<br><br/>Tinggi : 24.5cm<br><br/>Bahan : Premium PU Leather<br><br/>Style : Messenger<br><br/>Berat : 540g<br><br/>Tempat Penyimpanan :<br><br/>- 1 di Bagian Depan<br><br/>- 3 di Bagian Tengah<br><br/>- 1 di Bagian Belakang"
230413328,riadi983,Ready,Juragan,platinum,4hfc931,Tas Selempang Bahu Pria Kulit Tas Slempang Premium Original,Selempang,Baru,0,0,1452,2,0,0,195000,195000,0,WARNA : <br><br/>BLACK<br><br/>LIGHT BROWN<br><br/>DARK BROWN<br><br/><br><br/>SPESIFIKASI PRODUK :<br><br/>Brand : CURREN<br><br/>Model : CR9525<br><br/>Quality : Premium+<br><br/>Tipe : Tas Selempang<br><br/>Panjang : 15.5cm<br><br/>Lebar : 4.5cm<br><br/>Tinggi : 31cm<br><br/>Bahan : Premium PU Leather<br><br/>Style : Messenger<br><br/>Berat : 500g<br><br/>Tempat Penyimpanan :<br><br/>- 3 di Bagian Depan<br><br/>- 2 di Bagian Tengah
230413328,riadi983,Ready,Juragan,platinum,4hb3w4a,Jam Tangan Pria Sport Digital Analog Tali Rubber Tahan Anti Air Water Resist Premium,Jam Tangan Analog Pria,Baru,0,0,1124,1,0,0,159000,159000,0,"SPESIFIKASI PRODUK<br><br/><br><br/>Brand : SANDA<br><br/>Model : 6008<br><br/>Features : Hours, Minute, Second, Calender, Alarm, EL- Backlight, 12/24h, Stopwatch, Shock Resistant, Dual Time<br><br/>Date : Date<br><br/>Case Diameter : 52cm<br><br/>Case Thickness : 1,8cm<br><br/>Band Width : 2,3cm<br><br/>Band Length : 24cm<br><br/>Case Shape : Round<br><br/>Case Material : Zinc Alloy<br><br/>Display : Digital Analog<br><br/>Movement : Japan Quartz<br><br/>Power Source : Battery<br><br/>Battery Power : Japan Maxell<br><br/>Band Material : PU<br><br/>Mirror : Toughened Glass<br><br/>Buckle Type : Pin Buckle<br><br/>Water Resistance: 5ATM"
230413328,riadi983,Ready,Juragan,platinum,4haxgzg,Sepatu Boots Classic Pria Wanita Murah Sepatu Kerja Kuliah Sekolah Sneakers Slip on Santai Premium,Boots,Baru,1,1,1451,0,1,0,78000,78000,0,"REAL Pick yA ka.. <br><br/><br><br/>Foto kami REAL PICTURE !<br><br/>#plus+ Box/dus<br><br/>TERSEDIA WARNA<br><br/>HITAM<br><br/>PUTIH<br><br/>MAROON<br><br/>NAVY<br><br/>ABU<br><br/>FULLBLACK<br><br/><br><br/>KENAPA HARUS BELI DI TOKO KAMI<br><br/>Kualitas Bagus<br><br/>Dalam Sepatu Lembut Gak bikin Lecet<br><br/>Lem Rapih &amp; kuat<br><br/>Qc Control Teliti<br><br/><br><br/>KELEBIHAN PRODUK KAMI : <br><br/><br><br/>1. Kualitas IMPORT BAGUS<br><br/>2. Harga kami sangat TERJANGKAU dengan KUALITAS BAIK, karena kami FIRST HAND SUPPLIER<br><br/>3. Barang sesuai dengan foto yg ada<br><br/> (plus+Box/Dus)<br><br/>""READY STOCK""<br><br/>-100% Baru<br><br/>-Ukuran: 36 - 42<br><br/>Size chart=<br><br/>No 3 size 36 22cm<br><br/>No 4 size 37 23cm<br><br/>No 5 size 38 24cm<br><br/>No 6 size 39 25cm<br><br/>No 7 size 40 26cm<br><br/>No 8 size 41 27cm<br><br/>No 9 size 42 28cm<br><br/>-Grade Ori Vietnam<br><br/>-KUALITAS Bagus.."
230413328,riadi983,Ready,Juragan,platinum,4haxgxp,Termurah Sepatu Pria Wanita Sneaker Sepatu Kerja Kuliah Sekolah Olahraga Run Santai Slip on,Sneaker Pria,Baru,0,0,1425,0,0,0,72000,72000,0,"Foto kami REAL PICTURE !<br><br/>Converse GRADE ORI <br><br/>1kg muat 2 pasang sepatu<br><br/>SEDIA WARNA<br><br/>^HITAM<br><br/>^MAROON<br><br/>^NAVY<br><br/>^ABU<br><br/>^PUTIH<br><br/>^kuning<br><br/><br><br/>POKSING: 24<br><br/><br><br/>KENAPA HARUS BELI DI TOKO KAMI<br><br/>Kualitas Bagus<br><br/>Dalam Sepatu Lembut Gak bikin Lecet<br><br/>insol dalam di jait strobel bukan di lem<br><br/>Lem Rapih &amp; kuat<br><br/>Qc Control Teliti<br><br/><br><br/>CHART SIZE :(ukuran cm insol itu dalam sepatu bukan luar) ini size luar ya lebih besar dri size lokal, <br><br/>36 no 3= insol22 cm<br><br/>37 no 4= insol23 cm<br><br/>38 no 5= insol24 cm<br><br/>39 no 6= insol25 cm<br><br/>40 no 7= insol26 cm<br><br/>41 no 8= insol 27 cm<br><br/>42 no 9= insol28 cm<br><br/><br><br/>KELEBIHAN PRODUK KAMI : <br><br/><br><br/>1. Kualitas BAGUS<br><br/>2. Harga kami sangat TERJANGKAU dengan KUALITAS BAIK, karena kami FIRST HAND SUPPLIER<br><br/>3. Barang sesuai dengan foto yg ada<br><br/>4. produk kami size import ya jadi lebih besar dari lokal jika biasa pakai size lokal jadi size impornya harus turun, bisa 1 size"
230413328,riadi983,Ready,Juragan,platinum,4h8upmm,Tas Anak Ransel Sekolah Backpack Bag Tk Sd Laki Laki Perempuan Korea,Tas,Baru,5,3,11422,1,3,0,60000,60000,0,"Tas anak lucu dan super murah dengan kualitas bagus :<br><br/>*Bahan : kanvas tebal<br><br/>*Ukuran : 40 x 28 cm<br><br/>Anak akan sangat menyukainya.<br><br/>tas ini adalah produk lokal , kualitas terjamin"
230413328,riadi983,Ready,Juragan,platinum,4h7wend,Celana Jogger Pria Slimfit Olahraga Celana Panjang Santai Joger,Celana Panjang,Baru,3,1,1123,2,1,0,145000,145000,0,bahan cotton twill<br><br/>pola slimfit<br><br/>size 28-34 (S-XL)
230413328,riadi983,Ready,Juragan,platinum,4gtvisv,Tas Ransel Laptop Tas Sekolah Kuliah Kerja Tas Backpack Travelling,Ransel,Baru,5,2,11256,7,2,0,145000,145000,0,TAS KULIT BEST SELLER!!!<br><br/><br><br/>PRODUKSI LOKAL KUALITAS IMPORT<br><br/>BAHAN: KULIT<br><br/>UKURAN:  45cm x 30cm x 18cm <br><br/>TERDAPAT BANYAK RUANGAN <br><br/>RUANGAN UTAMA BESAR DAN TERDAPAT TEMPAT LAPTOP UNTUK UKURAN 15inc<br><br/>JAHITAN RAPIH BAHAN KUAT DAN AWET TAHAN LAMA <br><br/>SANGAT COCOK DIPAKAI UNTUK SEKOLAH/KULIAH/KERJA DAN BERPERGIAN<br><br/>BAGIAN PUNGGUNG DIBUAT SENYAMAN MUNGKIN AGAR NYAMAN SAAT DIGUNAKAN <br><br/>BARANG SELALU DICEK KERAPIHAN DAN KEBERSIHANNYA SEBELUM DIKIRIM KEPADA PEMBELI
230413328,riadi983,Ready,Juragan,platinum,4grj6ma,Celana Olahraga Training Pria Wanita Jogger Celana Sport Sweatpants Joger Fitnes Senam Gym,Celana Olahraga,Baru,4.6,5,1350,21,6,0,100000,100000,0,Bahan baby tery<br><br/>Size <br><br/>S=28-29<br><br/>M=29-30<br><br/>L=31-32<br><br/>Xl=33-34<br><br/>POLA slim<br><br/>barang yang sebelum kami promokan  telah kami cek dan pilih layak jual..karena kepuasan konsumen menjadi hal plg penting dlm system jual beli online.
230413328,riadi983,Ready,Juragan,platinum,3zujthb,Jaket Bomber Pria Dewasa Waterproof Jaket Parka Gunung Windproof Parasut Motor Jaket Sweater Hoodie Jeans Xxl Jumbo Big size Besar Semi Terlaris,Jaket,Baru,5,1,1522,2,10,0,175000,175000,0,WARNA : HITAM<br><br/>- IKAN<br><br/>- TIGER<br><br/>- SAMURAI<br><br/>- BISON<br><br/>- BARONG<br><br/><br><br/>Ready Stock !<br><br/>- Kualits Tebal dan Kuat<br><br/>- Harga Termurah<br><br/>- Cepat Pengiriman<br><br/>- Seller Terpercaya<br><br/>- Bergaransi<br><br/><br><br/>- Jam Operasional Kami : 08.00  16.00 (Senin  Sabtu)<br><br/><br><br/>Spesifikasi Produk :<br><br/>- Gambar Full Bordir<br><br/>- Ready Size M - L - XL - XXL<br><br/>- Bahan luar RZN Waterproof Tebal dan Kuat<br><br/>- Bahan dalam : Tafeta 170 Dan Di Lapisi Busa Dacron Sehingga Terasa Tebal &amp; Hangat.
230413328,riadi983,Ready,Juragan,platinum,3fkmcql,Timbangan Digital Badan Kaca Transparan Body Scale Timbangan Alat Ukur Kesehatan,Timbangan & Alat Ukur Kesehatan,Baru,5,16,12269,16,277,0,140000,140000,0,"Timbangan Badan Digital kaca transparan bentuk bundar / bulat dengan diameter 26 cm, timbangan badan ini mampu mengukur dengan 2 satuan yaitu kilogram (kg) dengan berat maksimal 180 kg toleransi kesalahan 0.1 kg atau berat badan maksimal 369 lb dengan toleransi kesalahan 0.2 lb.<br><br/><br><br/>Berikut ini spesifikasi dari timbangan berat badan digital :<br><br/>- Dapat menimbang dalam dua macam satuan : kilogram dan lb<br><br/>- Ada switch pemilih satuan di belakangnya (bagian dalam)<br><br/>- Angka yang tertera di lacar LCD : 4 Digits<br><br/>- Dioperasikan di suhu normal 10-35 derajat C<br><br/>- Otomatis mati setelah 10 detik tidak dipakai<br><br/>- Ada petunjuk jika berat tidak terbaca, salah, ataupun over<br><br/><br><br/>Cara pemakaian timbangan badan digital :<br><br/>- Pastikan keadaan ON dengan cek switch di bagian belakang sebelah dalam<br><br/>- Setelah ON letakkan timbangan badan digital di permukaan tanah atau lantai yang rata tidak bergelombang<br><br/>- Otomatis menyala, layar LCD akan nyala setelah pengguna berdiri di atasnya, diam dan tahan selama beberapa detik maka timbangan akan mulai mengukur berat badan pengguna"
230413328,riadi983,Ready,Juragan,platinum,3dv0lyi,Meja Lipat Laptop Anti Slip Meja Belajar Anak Colourful Meja Kerja Multi Fungsi Serbaguna,Home Stuff,Baru,5,7,11232,10,93,0,215000,215000,0,"Ready stock dengan ukuran panjang , white &amp;amp; Green.<br><br/><br><br/><br><br/><br><br/>Catatan = anti slip semua warna <br><br/><br><br/>Usage &amp;amp; Benefit<br><br/><br><br/>Meja lipat serba guna, cocok untuk dijadikan sebagai meja laptop, meja belajar, dan lain sebagainya<br><br/><br><br/>Selain memiliki bahan yang halus dan nyaman beserta design yang elegan, meja ini juga dilengkapi dengan slot untuk handphone/tablet &amp;amp; slot gelas (cek variasi).<br><br/><br><br/>Dengan dilengkapinya desain anti air membuat meja ini menjadi pilihan yang terbaik untuk anda!<br><br/><br><br/>Pemasangan gampang dan bisa di lipat, jadi mudah d simpan.<br><br/><br><br/>Hemat ruangan karena portable, mudah di bawa berpergian.<br><br/><br><br/>Anti Slip.<br><br/><br><br/>Siku tidak tajam, aman <br><br/><br><br/>mateial : MDF atau Fiberboard.<br><br/><br><br/>MDF adalah papan material yang tersusun dari kombinasi serat kayu dan serbuk kayu yang dipadatkan dalam tekanan dan temperatur suhu yang tinggi dengan bantuan resin dalam prosesnya.<br><br/><br><br/>MDF sering digunakan untuk furniture kelas menengah keatas.<br><br/><br><br/>Kelebihan MDF :<br><br/><br><br/>- Permukaan lebih halus dan lebih rata<br><br/><br><br/>- Fleksibel dan mudah untuk ditekuk untuk dijadikan alternatif rangka furniture<br><br/><br><br/>- Presisi ketebalan materialnya bagus<br><br/><br><br/>- Memiliki ketahanan yang tinggi"
230413328,riadi983,Ready,Juragan,platinum,3dssh53,Face Shield Pelindung Wajah APD Face Mask Anti Fog Dental Anti Virus Corona Covid 19 Kacamata Masker Safety Full Face Tebal Murah Terlaris,Masker Kesehatan,Baru,5,15,11469,22,236,0,45000,45000,0,Barang ready satu warna sesuai gambar. <br><br/><br><br/>didesign dengan teliti sesuai dengan prosedur kesehatan. <br><br/><br><br/>Specifications:<br><br/><br><br/>- Item type : protective face mask<br><br/><br><br/>- Material : plastic<br><br/><br><br/>- Size : approx 30.5x22x3cm
230413328,riadi983,Ready,Juragan,platinum,33zt4zp,Mukena Bali Dewasa Motif Bunga Mukenah Sholat Wanita Grosir Murah Puasa Lebaran Terlaris Terbaru,Mukena,Baru,5,97,946,114,1554,0,175000,175000,0,Mukena 2in1 Jovanka<br><br/><br><br/>Berat : 640 gram<br><br/>Bahan : Rayon Premium<br><br/>Paket : mukena (atasan+bawahan) + tas pouch<br><br/><br><br/>Detail Ukuran:<br><br/>Panjang Atasan :<br><br/>Depan : 128cm (kurang lebih)<br><br/>Belakang : 140cm (kurang lebih)<br><br/>Panjang resleting : kurang lebih 40 cm<br><br/>(kurang lebih)<br><br/>Tali kepala : ikat<br><br/><br><br/>Bawahan :<br><br/>Panjang : 110cm (kurang lebih)<br><br/>Lebar : 78cm (kurang lebih)<br><br/>Tas : 28 cm x 19 cm<br><br/>tas memakai resleting
230413328,riadi983,Ready,Juragan,platinum,33zrqjg,Mukena Bali Terusan Dewasa Mukenah Sholat Motif Terbaru,Mukena,Baru,5,97,953,110,1547,0,145000,145000,0,WARNA: <br><br/>COKSU<br><br/>NAVY<br><br/>HIJAU SEMEN<br><br/>HITAM<br><br/>ABU<br><br/>LAVENDER<br><br/><br><br/>MUKENA TRAVELLING TERUSAN ROSIANA<br><br/><br><br/> BAHAN : RAYON PREMIUM<br><br/> PANJANG : 185CM<br><br/> LINGKAR DADA : 170 CM<br><br/> BERAT : 460 GRAM<br><br/> TAS : 20 X 15<br><br/> SET MUKENA + TAS<br><br/><br><br/>TAS BERBENTUK POUCH YG MUDAH DIBAWA KEMANA SAJA DAN MOTIF SIMPEL<br><br/><br><br/>Motif gambar pada kain merupakan printing
230413328,riadi983,Ready,Juragan,platinum,305x1qb,Baju Syari Wanita Gamis Maxi Maxy Busui Kancing Busana Dress Terbaru,Dress,Baru,5,61,11237,66,566,0,275000,275000,0,WARNA : <br><br/>LAVENDER<br><br/>ABU<br><br/>PINK<br><br/>HIJAU<br><br/>COKSU<br><br/>COKLAT<br><br/>NAVY<br><br/>MARON<br><br/>LILAC<br><br/>HITAM<br><br/>SALEM<br><br/><br><br/>Mohon Di Baca Dulu Deskripsi <br><br/>-Gamis Yumna Free Masker Brukat <br><br/>-Gamis Full Brukat Tile<br><br/>Lapis Bahn Maxmara Velvet<br><br/>-Sleting Belakang<br><br/>-Tali Pinggang Kiri Kanan Jahit Tempel<br><br/>-Depan Combi Layer Tile Polos Kiri Kanan<br><br/><br><br/>Tersedia ukuran :<br><br/>Ukuran M<br><br/>Lingkar Dada 90 Cm<br><br/>Panjang Gamis 140 Cm<br><br/>Lingkar Ketiak 46 Cm<br><br/>Panjang Tangan 59 Cm<br><br/>Lebar Bawah 182 Cm<br><br/><br><br/>Ukuran L<br><br/>Lingkar Dada 100 Cm<br><br/>Panjang Gamis 140 Cm<br><br/>Lingkar Ketiak 48 Cm<br><br/>Panjang Tangan 59 Cm<br><br/>Lebar Bawah 184 Cm<br><br/><br><br/>Ukuran XL<br><br/>Lingkar Dada 110 Cm<br><br/>Panjang Gamis 140 Cm<br><br/>Lingkar Ketiak 50 Cm<br><br/>Panjang Tangan 60 Cm<br><br/>Lebar Bawah 192 Cm<br><br/><br><br/>Ukuran XXL<br><br/>Lingkar Dada 120 Cm<br><br/>Panjang Gamis 140 Cm<br><br/>Lingkar Ketiak 54 Cm<br><br/>Panjang Tangan 60 Cm<br><br/>Lebar Bawah 200 Cm
230413328,riadi983,Ready,Juragan,platinum,305vbyk,Gamis Syari Wanita Baju Muslim Dress Dewasa Busana Gaun Pesta Lebaran Terbaru,Dress,Baru,5,61,1251,68,571,0,126000,126000,0,"Bahan : moscrepe<br><br/>Ld : 102cm<br><br/>pb;136 cm<br><br/>allsize fit L besar<br><br/>plus hijab<br><br/>Selamat datang di toko kami<br><br/>Open reseller, dropship,<br><br/>Kemiripan gambar 90% karena akan ada perbedaan warna saat pengambilan gambar. Efek dari kamera dan flash. <br><br/>Cantumkan warna cadangan karena stok repeat cepat  kebetulan pesanan yang anda pesan kosong akan secepatnya kami konfirmasi melalui chat"
230413328,riadi983,Ready,Juragan,platinum,305szan,Busana Muslim Wanita Dewasa Gamis Syari Gaun Pesta Lebaran Terbaru,Dress,Baru,5,159,1245,185,2329,0,125000,125000,0,"Bahan :moscrepe<br><br/>Ld : 102 cm<br><br/>PB : 136 cm<br><br/>allsize fit L<br><br/>Selamat datang di toko kami.<br><br/>Open reseller, dropship,<br><br/>Kemiripan gambar 90% karena akan ada perbedaan warna saat pengambilan gambar. Efek dari kamera dan flash. <br><br/>Cantumkan warna cadangan karena stok repeat cepat  kebetulan pesanan yang anda pesan kosong akan secepatnya kami konfirmasi melalui chat"
230413328,riadi983,Ready,Juragan,platinum,305rvot,Gamis Syari Muslim Baju Wanita Dewasa Jubah Dress Maxi Busana Gaun Pesta Lebaran Maxy Terbaru,Dress,Baru,5,155,1249,190,2328,0,150000,150000,0,"MODEL :<br><br/>Cordy Dress<br><br/>.<br><br/>SPESIFIKASI<br><br/>- Bahan Moscrepe Halus<br><br/>- Bahan nyaman tidak lepek, dan tidak mudah kusut<br><br/>- Jahitan rapih<br><br/>- Tambahan layer tile agar tampak semakin mewah<br><br/>.<br><br/>SIZE :<br><br/>Ukuran L<br><br/>LD : 106 cm<br><br/>PB : 135 cm<br><br/>.<br><br/>PILIHAN WARNA<br><br/>- Choco<br><br/>- Mustard<br><br/>- Grey<br><br/>- Mauve"
230413328,riadi983,Ready,Juragan,platinum,303kb9x,Gamis Syari Muslim Baju Wanita Long Dress Formal Busana Pesta Lebaran Jubah Dewasa Terlaris Terbaru,Dress,Baru,5,253,1240,355,4133,0,125000,125000,0,WARNA: <br><br/>HITAM<br><br/>ARMY<br><br/>CARAMEL<br><br/><br><br/>Bahan :moscrepe<br><br/>Ld : 104 cm<br><br/>PB : 136 cm<br><br/>plus hijab
230413328,riadi983,Ready,Juragan,platinum,30031wk,Gamis Syari Wanita Dewasa Busana Muslim Jubah Dress Pesta Lebaran Grosir Murah Premium Terbaru,Dress,Baru,5,247,269,301,4050,0,139000,139000,0,"MODEL :<br><br/>Aurel Dress<br><br/>.<br><br/>SPESIFIKASI<br><br/>- Bahan Moscrepe Halus<br><br/>- Bahan nyaman tidak lepek, dan tidak mudah kusut<br><br/>- Jahitan rapih<br><br/>- Resleting depan busi friendly<br><br/>- Brukat di bagian tengah<br><br/>- Tangan model Batwing<br><br/>.<br><br/>SIZE :<br><br/>Ukuran L<br><br/>LD : 110 cm<br><br/>PB : 135 cm<br><br/>.<br><br/>PILIHAN WARNA<br><br/>- Lavender<br><br/>- Dusty<br><br/>- Mocca<br><br/>- Maroon"
230413328,riadi983,Ready,Juragan,platinum,2zzcanc,Gamis Syari Wanita Baju Muslim Dewasa Jubah Busana Dress Pesta Lebaran Grosir Murah Terbaru,Dress,Baru,4.9,253,217,332,4062,0,110000,110000,0,GAMIS WULAN<br><br/><br><br/>MOTIF BANYAK PILIHAN YAH !!! GESER KE KIRI &gt;&gt;&gt;<br><br/>DI FOTO ADA NO PILIHAN NYA YAH<br><br/><br><br/>BAHAN : MOSCREPE<br><br/>LINGKAR DADA : 114 CM<br><br/>PANJANG GAMIS : 140 CM<br><br/>LEBAR BAWAH : 230 CM<br><br/>BUSUI FRIENDLY : SLETING DEPAN<br><br/>ADA SAKU KANAN KIRI<br><br/>PINGGANG ADA TALI<br><br/>TANGAN KARET<br><br/><br><br/><br><br/>coksu<br><br/>dusty<br><br/>maron<br><br/>hitam<br><br/>navy<br><br/>tosca<br><br/>abu tua <br><br/>ungu muda <br><br/>kuning<br><br/>army<br><br/>biru<br><br/>putih
230413328,riadi983,Ready,Juragan,platinum,2zz9iby,Baju Gamis Wanita Dress Syari Dewasa Jubah Maxy Busana Muslim Terbaru,Dress,Baru,5,59,1247,60,570,0,155000,155000,0,WARNA :<br><br/>MILO<br><br/>MARON<br><br/>LIGHT GREY<br><br/>DARK GREY<br><br/>MOCCA<br><br/>ARMY<br><br/>Ukuran     : Panjang Badan   : 136 cm<br><br/>                  :Lebar Dada          : 102 Cm<br><br/>                  : Bahan                  : Moscrepe<br><br/>                  : panjang Lengan : 58 Cm<br><br/> Dress Saja Tanpa Hijab
230413328,riadi983,Ready,Juragan,platinum,2zz7wj9,Gamis Syari Wanita Dewasa Set Hijab Baju Lebaran Busana Jubah Dress Muslim Grosir Murah Terbaru,Dress,Baru,4.9,284,1251,379,4121,0,125000,125000,0,"Bahan :moscrepe<br><br/><br><br/><br><br/><br><br/>Ld : 102 cm<br><br/><br><br/><br><br/><br><br/>PB : 136 cm<br><br/><br><br/><br><br/><br><br/>allsize fit L<br><br/><br><br/><br><br/><br><br/>Selamat datang di toko Ready <br><br/><br><br/><br><br/><br><br/>Open reseller, dropship,<br><br/><br><br/><br><br/><br><br/>Kemiripan gambar 90% karena akan ada perbedaan warna saat pengambilan gambar. Efek dari kamera dan flash. <br><br/><br><br/><br><br/><br><br/>Cantumkan warna cadangan karena stok repeat cepat  kebetulan pesanan yang anda pesan kosong akan secepatnya kami konfirmasi melalui chat"
230413328,riadi983,Ready,Juragan,platinum,2zz688f,Baju Gamis Wanita Syari Busana Dress Muslim Pesta Lebaran Sale Grosir Murah Premium Terbaru,Dress,Baru,5,62,12541,64,549,0,123000,123000,0,"Bahan :moscrepe<br><br/>Ld : 102 cm<br><br/>PB : 136 cm<br><br/>allsize Fit L  plus hijab<br><br/>Selamat datang di toko Ready<br><br/>Open reseller, dropship,<br><br/>Kemiripan gambar 90% karena akan ada perbedaan warna saat pengambilan gambar. Efek dari kamera dan flash. <br><br/>Cantumkan warna cadangan karena stok repeat cepat  kebetulan pesanan yang anda pesan kosong akan secepatnya kami konfirmasi melalui chat"
230413328,riadi983,Ready,Juragan,platinum,2zyzdvt,Baju Gamis Syari Wanita Dewasa Set Hijab Busana Dress Muslim Terbaru,Busana Muslim Wanita,Baru,4.9,62,1288,89,576,0,125000,125000,0,"Bahan : moscrepe<br><br/>Ld : 102cm<br><br/>pb;136 cm<br><br/>allsize fit L besar<br><br/>plus hijab<br><br/>Selamat datang di toko Ready <br><br/>Open reseller, dropship,<br><br/>Kemiripan gambar 90% karena akan ada perbedaan warna saat pengambilan gambar. Efek dari kamera dan flash. <br><br/>Cantumkan warna cadangan karena stok repeat cepat  kebetulan pesanan yang anda pesan kosong akan secepatnya kami konfirmasi melalui chat"
230413328,riadi983,Ready,Juragan,platinum,2zo49hd,Gamis Syari Wanita Set Hijab Dress Baju Jubah Busana Muslim Busui Terbaru,Busana Muslim Wanita,Baru,4.9,156,2188,317,1848,0,145000,145000,0,WARNA :<br><br/><br><br/>ARMY<br><br/>KUNING <br><br/>HIJAU BOTOL<br><br/>PINK DUSTY<br><br/>LATTE<br><br/>UNGU<br><br/>SALEM<br><br/>PUTIH<br><br/>ABU<br><br/>MARON<br><br/>HITAM<br><br/>NAVY<br><br/>MILO<br><br/>LILAC<br><br/>CHOCOLATE <br><br/>KUNING LEMON<br><br/><br><br/>INFO : TOLONG KONFIRMASI WARNA VIA CHAT ATAU KASI WARNA CADANGAN <br><br/><br><br/>Ukuran AllSize L @ Lebar Dada : 104 Cm<br><br/>@ Panjang Badan : 136 Cm<br><br/><br><br/>Ukuran XL @ Lebar Dada : 110 Cm<br><br/>@ Panjang Badan : 138 Cm<br><br/><br><br/>Ukuran XXL @ Lebar Dada : 120 Cm<br><br/>@ Panjang Badan :142 Cm<br><br/>@ Bahan : Moscrepe<br><br/>@ Plus Hijab Semua Ukuran<br><br/>@ Resleting Depan / Busui
230413328,riadi983,Ready,Juragan,platinum,2tcb88f,Baju Koko Muslim Gamis Kurta Lengan Panjang Qurta Kemeja Pakistan Puasa Lebaran Sholat Fashion Sale Grosir Murah Terlaris Terbaru Original,Busana Muslim Pria,Baru,5,36,2347,51,635,0,152000,152000,0,WARNA : <br><br/>PUTIH<br><br/>HITAM<br><br/>NAVY<br><br/>MARON<br><br/>HIJAU<br><br/>ARMY<br><br/>CREAM<br><br/>ABU<br><br/><br><br/>Baju koko ANWA<br><br/>Lengan panjang<br><br/>Bahan cotton TOYOBO premium<br><br/>Bahan tidak melar<br><br/>Ada kantong asli<br><br/><br><br/>Tersedia 5 ukuran<br><br/>S=LD100cm PJ76cm<br><br/>M=LD104cm PJ81cm<br><br/>L=LD106cm PJ83cm<br><br/>XL=LD108cm PJ85cm<br><br/>XXL=LD110cm PJ87cm
230413328,riadi983,Ready,Juragan,platinum,2tbuics,Baju Muslim Kurta Pakistan Gamis Pria Koko Kemeja Fashion Distro Promo Best Seller Grosir Termurah Original Lebaran Puasa Terlaris,Busana Muslim Pria,Baru,4.9,41,2348,100,656,0,144000,144000,0,"Baju koko MODEN<br><br/>Lengan pendek<br><br/>Bahan cotton TOYOBO premium<br><br/>Bahan tidak melar<br><br/>Ada kantong asli<br><br/><br><br/>Terseida 4 ukuran<br><br/>M=LD104cm PJ79cm<br><br/>L=LD108cm PJ81cm<br><br/>XL=LD112cm PJ83cm<br><br/>XXL=LD116cm PJ85cm<br><br/><br><br/>1pcs = 300gram<br><br/>4pcs= 1kilogram<br><br/><br><br/>(Setiap produk memiliki toleransi jahit 2 - 4 cm , pastikan membeli produk untuk mengukur terlebih dahulu. Jgn memaksakan produk dengan ukuran yang pas)<br><br/>Warna :<br><br/>putih<br><br/>abu<br><br/>navy<br><br/>maron<br><br/>hitam<br><br/>army<br><br/>hijau<br><br/><br><br/><br><br/>Terimakasih Sudah Singgah di Toko Yang Tepat Dengan Produk Terbaik dan Harga Terjangkau"
230413328,riadi983,Ready,Juragan,platinum,2tbs8uh,Baju Koko Kurta Pakistan Hoodie Muslim Pria Gamis Kemeja  Distro Murah Sholat Lebaran Grosir Puasa Original Terlaris Terbaru,Busana Muslim Pria,Baru,5,47,351,130,649,0,123000,123000,0,WARNA : <br><br/>PUTIH<br><br/>MARON<br><br/>NAVY<br><br/>ABU<br><br/>KHAKI<br><br/>HITAM<br><br/>Baju koko NOBU<br><br/>Bahan toyobo tebal premium<br><br/>Lengan pendek<br><br/>ada kantong aktif<br><br/>saku kiri kanan aktif<br><br/>tersedia 3 pilihan ukuran<br><br/>S-Lingkar dada 102cm panjang 70cm<br><br/>M-Lingkar dada 106cm panjang 72cm<br><br/>L=Lingkar dada 110cm panjang 74cm<br><br/>Tersedia banyak pilihan warna sesuai di foto
230413328,riadi983,Ready,Juragan,platinum,2t9xcyv,Jaket Cagoule Bgsr Pria Bomber Hoodie Waterproof Anti Air Grosir Parka Taslan Sweater Premium Terbaru Terlaris,Jaket,Baru,5,972,1235,706,9878,0,250000,250000,0,"Jenis Product : Sweater<br><br/>	Warna : Mustard<br><br/>	Premium soft cotton model berkualitas Internasional<br><br/>	Metode jahit double rantai standar Internasional<br><br/>	High quality print plastisol, Rubbeer, Transfer printing dengan cat / bahan aman untuk dipakai sehari hari<br><br/>	Bebas toxid<br><br/>	Desain Trendy<br><br/>	Round neckline<br><br/><br><br/>Size Chart<br><br/>Panjang Badan x 1/2 Lingkar Badan (cm)<br><br/>- L: 72 x 59.5<br><br/>- XL : 74 x 61.5"
230413328,riadi983,Ready,Juragan,platinum,2os6vzo,Celana Jogger Pria Joger Chino Panjang Terbaru Pants Sweatpants Cargo  Casual Original Training Sport Olahraga Terlaris Premium,Celana Panjang,Baru,5,1387,1539,728,16497,0,160000,160000,0,Celan Jogger <br><br/><br><br/>Bahan cotton twill<br><br/><br><br/>Jahitan dijamin rapih dan kuat<br><br/>Nyama di pakai/Tidak Panas di pakai<br><br/><br><br/>Harga terjangkau kualitas di jamin ga murahan<br><br/><br><br/>Cocok di gunakan untuk naik gunung maupun untuk sehari-hari<br><br/><br><br/>Membuat anda tampil modis dan sporty<br><br/><br><br/>Ukuran Normal Asia<br><br/><br><br/>S : 27-28 ( lp 72 cm x p 95 cm )<br><br/><br><br/><br><br/><br><br/>M : 29-30 (lp 78 cm x p 97 cm)<br><br/><br><br/><br><br/><br><br/>L : 31-32 (lp 82 cm x p 100 cm)<br><br/><br><br/><br><br/><br><br/>XL : 33-34 (lp 87 cm x p 100 cm)<br><br/><br><br/><br><br/><br><br/>XXL : 35-36 ( lp 95 cm x 102 cm )<br><br/><br><br/><br><br/>warna :<br><br/><br><br/>green<br><br/><br><br/>brown<br><br/><br><br/>white<br><br/><br><br/>gray<br><br/><br><br/>10000 Barang di jamin REALPICT &amp;amp;amp;amp; BARU<br><br/><br><br/>we wait your choice...<br><br/><br><br/>Happy Shopping gan.. ..!!!
230413328,riadi983,Ready,Juragan,platinum,2o6aj5y,Jaket Sweater Hoodie Pria Wanita Unisex Jaket Jumper Casual Promo Jaket Bomber Parka Kaos Lengan Panjang Pria Dewasa Cowok Terbaru,Sweater,Baru,4.9,14,985,23,265,0,164000,164000,0,"Geser foto untuk detail produ<br><br/><br><br/>(UNISEX)<br><br/>MATERIAL : BABY CANVAS MIX FURING<br><br/><br><br/>SIZE : L FIT XL<br><br/>Kurang lebih ( P 74cm L 58cm )<br><br/><br><br/>BERAT : 800 GRAM<br><br/><br><br/><br><br/>BARANG DIJAMIN SESUAI DENGAN PHOTO<br><br/><br><br/>"" KAMI JUAL, ANDA BELI ""<br><br/><br><br/>#Jaketsweater#Jakethoodie#Jaketbomber#Jaketsemikulit#Jaketmotor#Grosirjaket#Jaketdistro#Jaketoriginal#Jaketbukalapak"
230413328,riadi983,Ready,Juragan,platinum,2o63933,Jaket Bomber Semi Kulit Pria Jaket Motor Pilot Karlit Jaket Polos Waterproof Tahan Air Anti Air Jaket Distro Original,Jaket,Baru,4.9,13,1250,30,241,0,168000,168000,0,"WARNA :<br><br/>HITAM<br><br/>COKLAT TAN<br><br/><br><br/>Ready Stock !<br><br/>- Kualits Tebal dan Kuat<br><br/>- Harga Termurah<br><br/>- Cepat Pengiriman<br><br/>- Seller Terpercaya<br><br/>- Bergaransi<br><br/>- Jam Operasional Kami : 08.00  16.00 (Senin  Sabtu)<br><br/><br><br/>UNTUK SIZE TERSEDIA <br><br/>SIZE : M , L , XL<br><br/>Bahan : Vienna<br><br/><br><br/>UKURAN <br><br/>M : <br><br/>Panjang badan : 63cm <br><br/>Panjang lengan : 58cm <br><br/>Lebar dada : 52cm<br><br/>Lebar bahu : 47cm<br><br/><br><br/>L : <br><br/>Panjang badan : 65cm<br><br/>Panjang lengan : 61cm <br><br/>Lebar dada : 54cm<br><br/>Lebar bahu : 51cm<br><br/><br><br/>XL : <br><br/>Panjang badan : 67cm <br><br/>Panjang lengan : 63cm <br><br/>Lebar dada : 57cm<br><br/>Lebar bahu :53cm<br><br/><br><br/>XXL : <br><br/>Panjang badan : 69cm <br><br/>Panjang lengan : 65cm <br><br/>Lebar dada : 59cm<br><br/>Lebar bahu :55cm<br><br/><br><br/>Langsung aja klik beli, sebelum kehabisan.<br><br/><br><br/>"" KAMI JUAL, ANDA BELI ""<br><br/><br><br/>#Jaketbomber#Jaketsemikulit#Jaketmotor#Grosirjaket#Jaketdistro#Jaketoriginal#Jaketbukalapak"
230413328,riadi983,Ready,Juragan,platinum,2o5zj32,Jaket Gunung Pria Jaket Parka Hoodie Taslan Jaket Bomber Parasut Motor Waterproof Original Terbaru,Jaket,Baru,5,1177,1424,983,14559,0,156000,156000,0,"Ready lagi gan, produk terbaru kami gan, jaket gunung,  juga tentunya ori ya gan. <br><br/><br><br/><br><br/><br><br/>bahan parasut taslan<br><br/><br><br/><br><br/><br><br/>size <br><br/><br><br/><br><br/><br><br/>m <br><br/><br><br/><br><br/><br><br/>L <br><br/><br><br/><br><br/><br><br/>XL<br><br/><br><br/><br><br/><br><br/>POLA SLIMFIT<br><br/><br><br/><br><br/><br><br/>barang yang sebelum kami promokan telah kami cek dan pilih layak jual..karena kepuasan konsumen menjadi hal plg penting dlm system jual beli online.<br><br/><br><br/><br><br/><br><br/><br><br/><br><br/><br><br/><br><br/>stock terbatas<br><br/><br><br/><br><br/><br><br/><br><br/><br><br/><br><br/><br><br/>diwajibkan menanyakan dulu stock<br><br/><br><br/><br><br/><br><br/><br><br/><br><br/><br><br/><br><br/>sebelum order..untuk meminimalisir refund<br><br/><br><br/><br><br/><br><br/><br><br/><br><br/><br><br/><br><br/>Warna:<br><br/><br><br/><br><br/><br><br/>maron abu<br><br/><br><br/><br><br/><br><br/>abu maron<br><br/><br><br/><br><br/><br><br/>hitam abu<br><br/><br><br/><br><br/><br><br/>abu hitam<br><br/><br><br/><br><br/><br><br/>abu biru<br><br/><br><br/><br><br/><br><br/>biru abu<br><br/><br><br/><br><br/><br><br/>maron tangn hitam<br><br/><br><br/><br><br/><br><br/>hitam maron<br><br/><br><br/><br><br/><br><br/><br><br/><br><br/><br><br/><br><br/>"" KAMI JUAL, ANDA BELI """
230413328,riadi983,Ready,Juragan,platinum,2o5x50b,Celana Jogger Joger Pria Panjang Sweatpants Celana Pria Bikers Celana Gunung Hiking Cargo Chino Training Olahraga Celana Korea Original Terbaru,Celana Panjang,Baru,5,829,1105,597,11949,0,154500,154500,0,"Ready lagi gan, produk terbaru kami gan, celana Jogger, juga tentunya ori ya gan. <br><br/><br><br/><br><br/><br><br/><br><br/><br><br/><br><br/><br><br/><br><br/><br><br/><br><br/><br><br/><br><br/><br><br/><br><br/><br><br/>bahan cotton twill<br><br/><br><br/><br><br/><br><br/><br><br/><br><br/><br><br/><br><br/><br><br/><br><br/><br><br/><br><br/><br><br/><br><br/><br><br/><br><br/>size s (28-29)<br><br/><br><br/><br><br/><br><br/><br><br/><br><br/><br><br/><br><br/><br><br/><br><br/><br><br/><br><br/><br><br/><br><br/><br><br/><br><br/>m (29-30)<br><br/><br><br/><br><br/><br><br/><br><br/><br><br/><br><br/><br><br/><br><br/><br><br/><br><br/><br><br/><br><br/><br><br/><br><br/><br><br/>L (31-32)<br><br/><br><br/><br><br/><br><br/><br><br/><br><br/><br><br/><br><br/><br><br/><br><br/><br><br/><br><br/><br><br/><br><br/><br><br/><br><br/>XL(33-34)<br><br/><br><br/><br><br/><br><br/><br><br/><br><br/><br><br/><br><br/><br><br/><br><br/><br><br/><br><br/><br><br/><br><br/><br><br/><br><br/>POLA SLIMFIT<br><br/><br><br/><br><br/><br><br/><br><br/><br><br/><br><br/><br><br/><br><br/><br><br/><br><br/><br><br/><br><br/><br><br/><br><br/><br><br/>barang yang sebelum kami promokan telah kami cek dan pilih layak jual..karena kepuasan konsumen menjadi hal plg penting dlm system jual beli online.<br><br/><br><br/><br><br/><br><br/><br><br/><br><br/><br><br/><br><br/><br><br/><br><br/><br><br/><br><br/><br><br/><br><br/><br><br/><br><br/><br><br/><br><br/><br><br/><br><br/><br><br/><br><br/><br><br/><br><br/><br><br/><br><br/><br><br/><br><br/><br><br/><br><br/><br><br/><br><br/>stock terbatas<br><br/><br><br/><br><br/><br><br/><br><br/><br><br/><br><br/><br><br/><br><br/><br><br/><br><br/><br><br/><br><br/><br><br/><br><br/><br><br/><br><br/><br><br/><br><br/><br><br/><br><br/><br><br/><br><br/><br><br/><br><br/><br><br/><br><br/><br><br/><br><br/><br><br/><br><br/><br><br/>diwajibkan menanyakan dulu stock<br><br/><br><br/><br><br/><br><br/><br><br/><br><br/><br><br/><br><br/><br><br/><br><br/><br><br/><br><br/><br><br/><br><br/><br><br/><br><br/><br><br/><br><br/><br><br/><br><br/><br><br/><br><br/><br><br/><br><br/><br><br/><br><br/><br><br/><br><br/><br><br/><br><br/><br><br/><br><br/>sebelum order..untuk meminimalisir refund<br><br/><br><br/><br><br/><br><br/><br><br/><br><br/><br><br/><br><br/><br><br/><br><br/><br><br/><br><br/><br><br/><br><br/><br><br/><br><br/><br><br/><br><br/><br><br/><br><br/><br><br/><br><br/><br><br/><br><br/><br><br/><br><br/><br><br/><br><br/><br><br/><br><br/><br><br/><br><br/>Warna:<br><br/><br><br/><br><br/><br><br/><br><br/><br><br/><br><br/><br><br/><br><br/><br><br/><br><br/><br><br/><br><br/><br><br/><br><br/><br><br/>hitam<br><br/><br><br/><br><br/><br><br/><br><br/><br><br/><br><br/><br><br/><br><br/><br><br/><br><br/><br><br/><br><br/><br><br/><br><br/><br><br/>abu<br><br/><br><br/><br><br/><br><br/><br><br/><br><br/><br><br/><br><br/><br><br/><br><br/><br><br/><br><br/><br><br/><br><br/><br><br/><br><br/><br><br/><br><br/><br><br/><br><br/><br><br/><br><br/><br><br/><br><br/><br><br/><br><br/><br><br/><br><br/><br><br/><br><br/><br><br/><br><br/>"" KAMI JUAL, ANDA BELI ""<br><br/><br><br/><br><br/><br><br/><br><br/><br><br/><br><br/><br><br/><br><br/><br><br/><br><br/><br><br/><br><br/><br><br/><br><br/><br><br/><br><br/><br><br/><br><br/><br><br/><br><br/><br><br/><br><br/><br><br/><br><br/><br><br/><br><br/><br><br/><br><br/><br><br/><br><br/><br><br/>#CelanaJogger #Celanajoger #CelanaPria #Celanachino #Celanacargo #celanaoriginal #Celanaterbaru #Celanaterlaris #Sweatpants #Salepromo #Fashionpria #Celanajeans #Bukalapak"
230413328,riadi983,Ready,Juragan,platinum,2o5njcf,Celana Jogger Pria Panjang Celana Joger Pants Celana Jogger Chino Terbaru Cargo Strip Korea Original,Celana Panjang,Baru,5,778,12428,398,11758,0,155000,155000,0,"Bahan cotton twill Mona<br><br/>Size 27-34<br><br/>S =27-28<br><br/>M=29-30<br><br/>L=31-32<br><br/>XL=34<br><br/>Pola slim<br><br/>Warna<br><br/>hitam<br><br/>abu<br><br/>"" KAMI JUAL, ANDA BELI ""<br><br/>#CelanaJogger #Celanajoger #CelanaPria #Celanachino #Celanacargo #celanaoriginal #Celanaterbaru #Celanaterlaris #Sweatpants #Salepromo #Fashionpria #Celanajeans #Bukalapak"
230413328,riadi983,Ready,Juragan,platinum,2o5kf68,Celana Jogger Pria Panjang Pendek Celana Jogger Cargo Pants Celana Joger Bikers Slimfit Celana Chino Gunung Hiking Original Terbaru,Celana Panjang,Baru,5,1276,12525,626,13242,0,158000,158000,0,"Ready lagi gan, produk terbaru kami gan, juga tentunya ori ya gan. <br><br/><br><br/><br><br/><br><br/><br><br/><br><br/><br><br/><br><br/>bahan cotton twill<br><br/><br><br/><br><br/><br><br/><br><br/><br><br/><br><br/><br><br/>size s (28-29)<br><br/><br><br/><br><br/><br><br/><br><br/><br><br/><br><br/><br><br/>m (29-30)<br><br/><br><br/><br><br/><br><br/><br><br/><br><br/><br><br/><br><br/>L (31-32)<br><br/><br><br/><br><br/><br><br/><br><br/><br><br/><br><br/><br><br/>XL(33-34)<br><br/><br><br/><br><br/><br><br/><br><br/><br><br/><br><br/><br><br/>POLA SLIMFIT<br><br/><br><br/><br><br/><br><br/><br><br/><br><br/><br><br/><br><br/>barang yang sebelum kami promokan telah kami cek dan pilih layak jual..karena kepuasan konsumen menjadi hal plg penting dlm system jual beli online.<br><br/><br><br/><br><br/><br><br/><br><br/><br><br/><br><br/><br><br/><br><br/><br><br/><br><br/><br><br/><br><br/><br><br/><br><br/><br><br/>stock terbatas<br><br/><br><br/><br><br/><br><br/><br><br/><br><br/><br><br/><br><br/><br><br/><br><br/><br><br/><br><br/><br><br/><br><br/><br><br/><br><br/>diwajibkan menanyakan dulu stock<br><br/><br><br/><br><br/><br><br/><br><br/><br><br/><br><br/><br><br/><br><br/><br><br/><br><br/><br><br/><br><br/><br><br/><br><br/><br><br/>sebelum order..untuk meminimalisir refund<br><br/><br><br/><br><br/><br><br/><br><br/><br><br/><br><br/><br><br/><br><br/><br><br/><br><br/><br><br/><br><br/><br><br/><br><br/><br><br/>Warna:<br><br/><br><br/><br><br/><br><br/><br><br/><br><br/><br><br/><br><br/>hitam<br><br/><br><br/><br><br/><br><br/><br><br/><br><br/><br><br/><br><br/>abu<br><br/><br><br/><br><br/><br><br/><br><br/><br><br/><br><br/><br><br/><br><br/><br><br/><br><br/><br><br/><br><br/><br><br/><br><br/><br><br/>"" KAMI JUAL, ANDA BELI ""<br><br/><br><br/><br><br/><br><br/><br><br/><br><br/><br><br/><br><br/><br><br/><br><br/><br><br/><br><br/><br><br/><br><br/><br><br/><br><br/>#CelanaJogger#Celanajoger #CelanaPria#Celanachino #Celanacargo#celanaoriginal #Celanaterbaru#Celanaterlaris #Sweatpants#Salepromo #Fashionpria#Celanajeans #Celanabikers#Bukalapak"
230413328,riadi983,Ready,Juragan,platinum,2h65bd7,Celana Pendek Chino Pria Celana Casual Pria Skinny Slimfit Celana Pria Dewasa Pendek Pants Celana Cargo Katun Jogger Jeans Levis Premium Original,Celana Pendek,Baru,5,17,928,30,72,0,185000,185000,0,Bahan : Cotton<br><br/>Model : Slimfit<br><br/><br><br/>Ukuran :<br><br/>S   : 28<br><br/>M  : 29-30<br><br/>L   : 31-32<br><br/>XL : 33-34<br><br/><br><br/>Warna :<br><br/>hitam<br><br/>abu muda<br><br/>abu tua<br><br/>coklat<br><br/>green army<br><br/>mocca<br><br/>cream<br><br/><br><br/>Silahkan diorder ya.....!<br><br/>Happy Shopping &amp; Thank you !
230413328,riadi983,Ready,Juragan,platinum,2h63khl,Celana Jeans Pria Wrangler Skinny Celana Pria Levis Panjang Slimfit Dewasa Celana Chino Jogger Casual Terlaris Premium Original,Jeans,Baru,4.8,50,484,75,516,0,259000,259000,0,Size Chart silahkan chat kami.<br><br/>Jam Operasional Toko :<br><br/>Senin - Jumat : 08:00  15:00<br><br/><br><br/>1/2 Lingkar pinggang x 1/2 lingkar pinggul x front rise x inseam (cm)<br><br/>- 27 : 35 x 42 x 20 x 77<br><br/>- 28 : 35.50 x 42 x 20.50 x 76 <br><br/>- 29 : 37 x 44 x 21 x 76<br><br/>- 30 : 38 x 45 x 21.50 x 76<br><br/>- 31 : 40.70 x 45.80 x 22 x 76<br><br/>- 32 : 42 x 47 x 22.50 x 76.50<br><br/>- 33 : 41.25 x 48 x 23.50 x 76.50<br><br/>- 34 : 42.50 x 49.50 x 24 x 76.50<br><br/>- 36 : 45.70 x 52 x 26 x 77.50
230413328,riadi983,Ready,Juragan,platinum,2h2wrnn,Jaket Pria Bomber Big Size Jaket Bomber XXL Jaket Jumbo Sensor Jaket Parasut Parka Jaket Hoodie Casual Jaket Sweater Original Kekinian Terbaru,Jaket,Baru,4.7,51,12441,182,387,0,175000,175000,0,Bahan scoot puma (anti air)<br><br/>Banyak Pilihan Warna<br><br/>Ukuran XL-XXL<br><br/>Detail ukuran panjang x lebar dada :<br><br/>XL.panjang 68cm x lebar dada 58cm<br><br/>XXL.panjang 70cm lebar dada 60cm<br><br/>Jaket menggunakan resleting ada saku di bagian depan dan dalam nya<br><br/>Menggunakan bordir di bagian dada SENSOR<br><br/>Bahan adem di  berbulu dan tidak luntur lagi<br><br/>Bagus di gunakan di kalangan usia<br><br/>Model polos simple bisa di gunakan di berbagai kegiatan<br><br/>Kwalitas 99% realpict sesui photo<br><br/>Produk asli dalam negri bandung<br><br/>Best produk recomendeed<br><br/>Stok masih tersedia<br><br/><br><br/>Warna :<br><br/>Black<br><br/>Navy<br><br/>Green
230413328,riadi983,Ready,Juragan,platinum,2h1belk,Tas Pria Travel Tas kulit Tas Olahraga Handbag Tas Bepergian Tas Gym Fitnes Tas Selempang Tas Gendong Tas Pria Wanita Tas Import Original Fashion Pria,Ransel,Baru,5,16,932,30,68,0,275000,275000,0,"Tas Gym / Tas Travel Kulit Pria (ENZO)<br><br/><br><br/>Bahan : kulit PU (high Quality)<br><br/>Ukurang : panjang 45 cm x lebar 25 cm x tinggi 27.5 cm<br><br/><br><br/>- Kantong utama sangat luas, muat untuk banyak barang<br><br/>- Bagian samping memiliki kantong untuk menyimpan sepatu hingga ukuran 45<br><br/>- Tas bisa di selempang maupun di jinjing<br><br/>- Bahan Kulit lembut, jahitan kuat"
230413328,riadi983,Ready,Juragan,platinum,2h17phm,Tas Ransel Pria Backpack Tas Laptop Tas Pria Gendong kulit Tas Selempang Import Tas Punggung Tas Wanita Ransel Tas Sekolah Tas Kerja Travelling,Ransel,Baru,5,354,11487,400,2916,0,245000,245000,0,"Ransel Kulit Pria MORRENO <br><br/><br><br/><br><br/><br><br/>HATI HATI GUYS YANG JUAL HARGA SAMA BEDA BARANG. HARAP PERHATIKAN<br><br/><br><br/><br><br/><br><br/>-PAPAHAN TERBUAT DARI KULIT YA GAN BUKAN KANVAS. <br><br/><br><br/>-BAGIAN BELAKANG TAS JUGA DARI KULIT, BUKAN BUSA YA GAN<br><br/><br><br/>Ukuran : Panjang 29cm, Tinggi 44cm, Lebar 13cm<br><br/><br><br/><br><br/><br><br/>Bahan : Kulit PU<br><br/><br><br/><br><br/><br><br/>Produk IMPORT dengan kualitas bermutu.<br><br/><br><br/>Full Body Tas terbuat dari bahan KULIT PU. Jahitan rapi dan kuat.<br><br/><br><br/><br><br/><br><br/>-Bagian depan tas, terdapat dua kantong yaitu bagian atas dan bawah<br><br/><br><br/>-Bagian kanan dan kiri tas di lengkapi slot untuk penyimpanan keperluan seperti payung dan botol<br><br/><br><br/>-Kantong utama tas terdapat Slot Laptop dengan ukuran 15.6inch<br><br/><br><br/>-Di dalam kantong utama terdapat kantong tambahan dengan resleting, dan dua slot untuk penyimpanan hp dan rokok<br><br/><br><br/><br><br/><br><br/>100% quality guaranted.<br><br/><br><br/>100% what you see is what you get<br><br/><br><br/><br><br/><br><br/>Warna :<br><br/><br><br/>Black<br><br/><br><br/>Brown"
230413328,riadi983,Ready,Juragan,platinum,2gbrgpj,Sepatu Sneakers Pria Casual Dr. Kevin Adidas Sport Olahraga Slip On Original Sepatu Kerja Sekolah Sneaker Terbaru Terlaris,Sneaker Pria,Baru,5,25,1541,72,97,0,145000,145000,0,"Sepatu Sneakers Pria Casual Fashion Running Shoes MR125<br><br/><br><br/>Kepada calon pembeli dimohon untuk membaca deskripsi sebelum memesan produk. <br><br/>Dan tanyakan stoknya terlebih dahulu.<br><br/><br><br/>BONUS : FREE BOX &amp; KAOS KAKI<br><br/><br><br/>Sepatu Sneaker Original &amp; 100% Impor.<br><br/>Sepatu Sneaker murah tapi gak murahan.<br><br/>Sepatu yang kami jual 100% baru + box.<br><br/>Barang sesuai dengan GAMBAR.<br><br/>Sepatu Sneakers ringan, Kaki bergerak leluasa Sepatu Sneakers lembut di dalam, Nyaman saat dipakai, Sepatu Sneakers Anti slip, Tidak pengap, Tidak mudah lepas, Sepatu Sneakers Model simple dan elegan, Trend Fashion.<br><br/><br><br/>Fitur : Sol Berbahan Karet Jadi Terasa Empuk &amp; Nyaman Ketika Digunakan.<br><br/>Cocok Digunakan Untuk : Sekolah, Kuliah, Kerja, Traveling, HangOut<br><br/><br><br/>Ready warna : Khaki dan Hitam<br><br/>Bahan : Flyknit Mesh<br><br/>Size 39-44<br><br/>Perincian Size <br><br/>39 = 24.5 cm <br><br/>40 = 25 cm <br><br/>41 = 25.5 cm <br><br/>42 = 26 cm <br><br/>43 = 26.5 cm <br><br/>44 = 27 cm"
230413328,riadi983,Ready,Juragan,platinum,2gbmv6i,Sepatu Pria Casual Sneakers Adidas Sport  Olahraga Slip On Loafers Santai Semi Formal Sepatu Kerja Import Original Sneaker Fashion Pria,Sneaker Pria,Baru,4.7,45,749,122,252,0,215000,215000,0,BONUS : FREE BOX &amp; KAOS KAKI<br><br/><br><br/>Fitur : Sol Berbahan Karet Jadi Terasa Empuk &amp; Nyaman Ketika Digunakan<br><br/><br><br/>Size 39-44  <br><br/>Perincian Size <br><br/>39=24.5 cm <br><br/>40=25 cm <br><br/>41=25.5 cm <br><br/>42=26 cm <br><br/>43=26.5 cm <br><br/>44=27 cm
230413328,riadi983,Ready,Juragan,platinum,2fdzsl7,Celana jogger pria wanita list army joger chino panjang termurah terlaris terbaru,Celana Panjang,Baru,5,1385,1540,731,16653,0,149000,149000,0,Ready celana jogger pria semi chino.<br><br/><br><br/><br><br/><br><br/><br><br/><br><br/><br><br/><br><br/>di design dengan bahan berkualitas Cotton twill sehingga nyaman dan lembut dipakai. <br><br/><br><br/><br><br/><br><br/><br><br/><br><br/><br><br/><br><br/><br><br/><br><br/><br><br/><br><br/><br><br/><br><br/><br><br/><br><br/>Ukuran :<br><br/><br><br/><br><br/><br><br/><br><br/><br><br/><br><br/><br><br/>28-29<br><br/><br><br/><br><br/><br><br/><br><br/><br><br/><br><br/><br><br/>30-31<br><br/><br><br/><br><br/><br><br/><br><br/><br><br/><br><br/><br><br/>32-33<br><br/><br><br/><br><br/><br><br/><br><br/><br><br/><br><br/><br><br/>34-35<br><br/><br><br/><br><br/><br><br/><br><br/><br><br/><br><br/><br><br/><br><br/><br><br/><br><br/><br><br/><br><br/><br><br/><br><br/><br><br/>Warna :<br><br/><br><br/><br><br/><br><br/><br><br/><br><br/><br><br/><br><br/>Abu <br><br/><br><br/><br><br/><br><br/><br><br/><br><br/><br><br/><br><br/>Hitam<br><br/><br><br/><br><br/><br><br/><br><br/><br><br/><br><br/><br><br/><br><br/><br><br/><br><br/><br><br/><br><br/><br><br/><br><br/><br><br/>Happy Shopping gan.. ..!!!<br><br/><br><br/><br><br/><br><br/><br><br/><br><br/><br><br/><br><br/>100 Barang di jamin REALPICT &amp;amp;amp;amp; BARU<br><br/><br><br/><br><br/><br><br/><br><br/><br><br/><br><br/><br><br/>we wait your choice guys..!!!
230413328,riadi983,Ready,Juragan,platinum,2d4lr6s,Jam tangan anak imoo jam tangan imo smart watch jam hp emo pintar,Jam Tangan,Baru,4.7,63,1341,97,238,0,175000,175000,0,"1. Bisakah ini mendukung panggilan video?<br><br/>--- Ini hanya mendukung panggilan normal 2G, tidak ada panggilan video.<br><br/><br><br/>2. Apakah ini tahan air? Bisakah saya berenang dengannya?<br><br/>--- IP67 waterproof, no worries<br><br/>Use high-precision waterproof components, swim and bathe not afraid, dry as usual.<br><br/><br><br/>3. Bisakah itu terhubung ke telepon saya untuk digunakan? Mendukung whatsapp / facebook?<br><br/>--- Jam tangan pintar ini menggunakan kartu sim, tidak mendukung pengingat pesan WA / FB, juga tidak dapat menginstal aplikasi WA FB.<br><br/><br><br/>4. Apakah ini memiliki GPS?<br><br/>--- Jam tangan ini mendukung LBS locaition, tidak mendukung GPS.<br><br/><br><br/>5. Bisakah saya mengambil gambar?<br><br/>--- Memiliki kamera, tetapi ini bukan lensa HD. Anda dapat mengunduh aplikasi dan mengendalikannya untuk mengambil foto.<br><br/><br><br/>6. Apakah ini bahasa Inggris? Bisakah saya mengubahnya ke bahasa Indonesia?<br><br/>--- Ini bahasa Inggris saja.<br><br/>Warna<br><br/>Blue<br><br/>Pink"
230413328,riadi983,Ready,Juragan,platinum,29znie4,Jam tangan anak smart watch emo jam tangan imo,Jam Tangan,Baru,4.6,28,1192,23,58,0,175000,175000,0,"Q&amp;A<br><br/>1. Bisakah ini mendukung panggilan video?<br><br/>--- Ini hanya mendukung panggilan normal 2G, tidak ada panggilan video.<br><br/><br><br/>2. Apakah ini tahan air? Bisakah saya berenang dengannya?<br><br/>--- IP67 waterproof, no worries<br><br/>Use high-precision waterproof components, swim and bathe not afraid, dry as usual.<br><br/><br><br/>3. Bisakah itu terhubung ke telepon saya untuk digunakan? Mendukung whatsapp / facebook?<br><br/>--- Jam tangan pintar ini menggunakan kartu sim, tidak mendukung pengingat pesan WA / FB, juga tidak dapat menginstal aplikasi WA FB.<br><br/><br><br/>4. Apakah ini memiliki GPS?<br><br/>--- Jam tangan ini mendukung LBS locaition, tidak mendukung GPS.<br><br/><br><br/>5. Bisakah saya mengambil gambar?<br><br/>--- Memiliki kamera, tetapi ini bukan lensa HD. Anda dapat mengunduh aplikasi dan mengendalikannya untuk mengambil foto.<br><br/><br><br/>6. Apakah ini bahasa Inggris? Bisakah saya mengubahnya ke bahasa Indonesia?<br><br/>--- Ini bahasa Inggris saja.<br><br/><br><br/>Product parameters<br><br/>Strap material: comfortable silicone strap<br><br/>Chip: MTK2503<br><br/>Internet: 2G GSM<br><br/>Battery capacity: 400mAh<br><br/>Charging time: 2H<br><br/>Display resolution: 128 * 128<br><br/>Screen size: 1.44<br><br/>Camera: 8w<br><br/>Standby time: 70h<br><br/>Memory: 32Mb<br><br/>ROM: 32Mb<br><br/>APP: supportAndroid, lS<br><br/>Color: pink blue<br><br/>Radiation: lower than the phone,<br><br/>International standards, no<br><br/>Hurt our body.<br><br/>Age range: 3 to 12 years old<br><br/>Position mode: LBS<br><br/><br><br/>feature:<br><br/>1. Function: Call clear  positioning accuracy  long battery life  ultra-thin body  cooling wear<br><br/>2. 14.1mm ultra-thin process design, as thin as homework<br><br/>The color of the whole machine is gorgeous and rich in texture, which always envied others.<br><br/>3. Precision research and development and careful design<br><br/>Carefully prepare each component to make sure everything works.<br><br/>4. Two-way clear and stable call<br><br/>The sound is louder and can be heard in noisy environments.<br><br/>Unique antenna design, multiple calibrations to ensure stable calls<br><br/>5. Voice chat, making communication more convenient<br><br/>Simpler operation and clearer voice<br><br/>Easy group chat, support group chat with multiple mobile phones<br><br/>6. Precise positioning, real-time viewing<br><br/>Accurately record every corner of the child, fully meeting the positioning needs of life and emergency<br><br/>7. Electronic fence to always protect children's safety<br><br/>Set the child's range of activities, the parent's phone will receive an alert when the child leaves the set area.<br><br/>Prevent loss, prevent entry into dangerous areas, prevent getting lost<br><br/>8. High performance battery, longer standby time<br><br/>With high-polymerized custom batteries, charging speed is faster, performance is higher, time is longer than the same power, eliminating the need for daily charging.<br><br/>#Watch  #jamhp #menWatch #Studentwatch #boyWatch #FashionWatch #smartwach<br><br/>#SportWatch #DigitalWatch #SmartWatch #Bluetooth #wearables #smartwatch #jam #kidsWatch #childrenWatch"
230413328,riadi983,Ready,Juragan,platinum,285nnok,jam tangan pria curren kulit,Jam Tangan,Baru,5,39,702,122,526,0,279000,279000,0,"SPESIFIKASI PRODUK<br><br/>Brand : SINOBI<br><br/>Model : 9659<br><br/>Features : Hour, Minute<br><br/>Date : No date<br><br/>Case Diameter : 42mm<br><br/>Case Thickness : 10mm<br><br/>Case Material : Stainless Steel<br><br/>Band Length : 20cm<br><br/>Band Width : 22mm<br><br/>Band Material : Stainless Steel<br><br/>Buckle Type : Adjustable Clasp<br><br/>Display : Analog<br><br/>Case Shape : Round<br><br/>Display : Analog<br><br/>Movement : Japan Quartz<br><br/>Power Source : Battery<br><br/>Gender : Men<br><br/>Dial Window : Hardlex<br><br/><br><br/>CARA SETTING:<br><br/>Untuk mengatur jam dan menit, tarik tombol pengatur 2 klik lalu putar searah sehingga jarum menit dan jarum jam berputar dan menunjukkan waktu yang benar."
230413328,riadi983,Ready,Juragan,platinum,23sfjfl,celana cargo tactical slimfit panjang pria,Celana Panjang,Baru,5,9,980,21,20,0,185000,185000,0,"bahan : cotton stretch premium<br><br/>ukuran : S, M, L, XL<br><br/>warna : <br><br/>abu<br><br/>hitam<br><br/>coklat moca<br><br/>moca"
230413328,riadi983,Ready,Juragan,platinum,23sbshy,celana joger cargo strip pria wanita celana gunung sport olahraga panjang,Celana Panjang,Baru,4.7,20,911,47,89,0,150000,150000,0,bahan : katun<br><br/>warna :<br><br/>abu muda<br><br/>krem<br><br/>hitam<br><br/>mocca
230413328,riadi983,Ready,Juragan,platinum,1xpyd5k,jaket motor wanita jaket semi kulit wanita fashion wanita premium original,Jaket,Baru,4.9,27,863,34,137,0,195000,195000,0,"Ready jaket motor cewek Mat:semi kulit vhiena (bahan yg paling bagus utuk jenis bahan semikulit) <br><br/>Bhan lembut sprti kulit dan tidak mudah retak atau mngelupas <br><br/>Lapisan dalam phuring dhoumeli<br><br/>Cocok utuk naik motor <br><br/>Size:M ,L, XL<br><br/>Warna:hitam,merah,coklat tua,coklat tan"
230413328,riadi983,Ready,Juragan,platinum,1ks7krq,Jaket Jeans Pria Original Denim Jaket Levis Fashion Cowok Premium,Jaket,Baru,4.9,46,782,76,220,0,175000,175000,0,"Jaket Denim Hoodie Boy Kombinasi Fleece <br><br/><br><br/>Jaket Denim Hoodie Boy Anak Jalanan - Biru Muda ini menjadi pilihan anda ketika anda ingin tampil gaya. Jaket denim ini memiliki efek warna rusak sehingga memberikan kesan garang pada si pemakai.<br><br/><br><br/>Jaket ini bisa dipakai untuk touring musim dingin maupun untuk bergaya. Bahan akan semakin terlihat bagus dan tahan lama jika dirawat dengan benar.<br><br/>Material : Denim stretch kombinasi fleece.<br><br/><br><br/>Warna : - Bio Blitz<br><br/>               - Bio Wash<br><br/>               - Blue Black<br><br/><br><br/>Model : RESLETING DAN  KANCING / DOUBLE<br><br/>BAGIAN PERGELANGAN TANGAN STRIP .<br><br/><br><br/>JAKET DENIM HOODIE BOY ANAK JALANAN <br><br/><br><br/>TERSEDIA SIZE : M,L,XL"
230413328,riadi983,Ready,Juragan,platinum,1kinp7k,Celana Pendek Pria Tactical Premium Celana Gunung Original Premium,Celana Pendek,Baru,5,26,859,33,141,0,180000,180000,0,Ready agan2 celena pendek keren.<br><br/>Mat:cotton ripstop premium<br><br/>Size:dari 28 smpi 38<br><br/>Warna:<br><br/>hitam<br><br/>krem<br><br/>Abu<br><br/>hijau army<br><br/>Model sprti digambar <br><br/>Cocok utuk adventure :) <br><br/>Cantumkan size di opsi pngirmn ada tinggal kn pesan atau dichatkan saja <br><br/>krna divariasi tidak cukup utuk mencantumkan size <br><br/>#celanatactical #celanatacticalblackhawk #tactical #tacticalpendek
